{"initial_reset_timestamp": 1582534879.1801665, "timestamps": [1582534882.649411], "episode_lengths": [200], "episode_rewards": [-200.0], "episode_types": ["t"]}